{"count":1,"gauges":{"BossBrainGAILTABOAv2.CumulativeReward":{"count":228,"max":1,"min":-1,"value":1,"weightedAverage":0.9999999}},"self":5776.9955328,"total":8535.8902802,"children":{"AgentSendState":{"count":1967767,"self":30.870102399999997,"total":53.987308299999995,"children":{"CollectObservations":{"count":393554,"self":4.565134,"total":4.5651339,"children":null},"CollectDiscreteActionMasks":{"count":393554,"self":1.0923219,"total":1.0923219,"children":null},"AgentInfo.ToProto":{"count":393554,"self":4.9338055999999995,"total":17.4597498,"children":{"GenerateSensorData":{"count":393554,"self":12.525943999999999,"total":12.5259444,"children":null}}}}},"DecideAction":{"count":1967767,"self":2691.0898176,"total":2691.0897655,"children":null},"AgentAct":{"count":1967767,"self":13.8010384,"total":13.8166424,"children":{"AgentInfo.ToProto":{"count":228,"self":0.0039885,"total":0.0156037,"children":{"GenerateSensorData":{"count":228,"self":0.0116152,"total":0.0116152,"children":null}}}}}}}