{"count":1,"gauges":{"BossBrain.CumulativeReward":{"count":175,"max":-0.219666854,"min":-4.01817369,"value":-0.6404997,"weightedAverage":-0.6336062}},"self":945.3287424,"total":3617.7291364999996,"children":{"AgentSendState":{"count":420301,"self":17.4674688,"total":29.887811799999998,"children":{"CollectObservations":{"count":420301,"self":1.4997116,"total":1.4997116,"children":null},"CollectDiscreteActionMasks":{"count":420301,"self":0.9837461999999999,"total":0.9837461999999999,"children":null},"AgentInfo.ToProto":{"count":420301,"self":4.1839476,"total":9.936884899999999,"children":{"GenerateSensorData":{"count":420301,"self":5.7529376,"total":5.7529373999999995,"children":null}}}}},"DecideAction":{"count":420301,"self":2620.5646847999997,"total":2620.5647175999998,"children":null},"AgentAct":{"count":420301,"self":21.9418896,"total":21.9468821,"children":{"AgentInfo.ToProto":{"count":175,"self":0.0020055999999999997,"total":0.0049929,"children":{"GenerateSensorData":{"count":175,"self":0.0029873,"total":0.0029873,"children":null}}}}}}}